/*栏目板块*/
insert  into section(id,text,orderNumber,parentId,open,adapterTerminal,foucusImage,shown,titleImage,sectionType,showType,articleCount,createDate) values (1,'i南充',NULL,NULL,'1',NULL,NULL,'1',NULL,NULL,NULL,'0',NULL);
/*部门*/
INSERT INTO cms.department (id, NAME, parent) VALUES (1, '南充日报集团', NULL);
/*角色等级*/
insert  into dict(id,Category,Name,DefaultValue,Value1,Value2,Value3,Value4,Note,State) values (1,'角色级别','全局',NULL,NULL,NULL,NULL,NULL,NULL,0);
insert  into dict(id,Category,Name,DefaultValue,Value1,Value2,Value3,Value4,Note,State) values (2,'角色级别','仅本级',NULL,NULL,NULL,NULL,NULL,NULL,0);
insert  into dict(id,Category,Name,DefaultValue,Value1,Value2,Value3,Value4,Note,State) values (3,'角色级别','本级+下级',NULL,NULL,NULL,NULL,NULL,NULL,0);
/*角色*/
insert into role (id, name, type, section) values('1','系统管理员','1','1');
/*系统后台用户*/
INSERT INTO backuser (id, NAME, loginName, loginPassword, department) VALUES (1, '系统管理员', 'admin', 'admin', 1);

/*菜单 */
insert into `menu` (`id`, `name`, `link`, `image`, `orderNumber`, `parentId`) values('1','采编管理',NULL,NULL,'1',NULL);
insert into `menu` (`id`, `name`, `link`, `image`, `orderNumber`, `parentId`) values('2','手机文章内容发布','jsp/article/ArticleMobileList.jsp',NULL,'2','1');
insert into `menu` (`id`, `name`, `link`, `image`, `orderNumber`, `parentId`) values('3','平板文章内容发布','jsp/article/ArticlePadList.jsp',NULL,'3','1');
insert into `menu` (`id`, `name`, `link`, `image`, `orderNumber`, `parentId`) values('4','图片管理','jsp/img/ImageInfoList.jsp',NULL,'1','1');
insert into `menu` (`id`, `name`, `link`, `image`, `orderNumber`, `parentId`) values('7','手机栏目焦点发布','jsp/section/SectionFocusList.jsp',NULL,'6','1');
insert into `menu` (`id`, `name`, `link`, `image`, `orderNumber`, `parentId`) values('8','平板栏目焦点发布','jsp/section/PadSectionFocusList.jsp',NULL,'7','1');
insert into `menu` (`id`, `name`, `link`, `image`, `orderNumber`, `parentId`) values('9','iPad文章列表版面管理','jsp/layout/PadPageLayoutList.jsp',NULL,'8','1');
insert into `menu` (`id`, `name`, `link`, `image`, `orderNumber`, `parentId`) values('10','手机审核管理',NULL,NULL,'2',NULL);
insert into `menu` (`id`, `name`, `link`, `image`, `orderNumber`, `parentId`) values('11','手机图文文章审核','jsp/audit/ArticleAuditList.jsp',NULL,'1','10');
insert into `menu` (`id`, `name`, `link`, `image`, `orderNumber`, `parentId`) values('13','手机栏目焦点审核','jsp/audit/SectionFocusAuditList.jsp',NULL,'3','10');
insert into `menu` (`id`, `name`, `link`, `image`, `orderNumber`, `parentId`) values('17','平板审核管理',NULL,NULL,'4',NULL);
insert into `menu` (`id`, `name`, `link`, `image`, `orderNumber`, `parentId`) values('18','平板图文文章审核','jsp/audit/PadArticleAuditList.jsp',NULL,'1','17');
insert into `menu` (`id`, `name`, `link`, `image`, `orderNumber`, `parentId`) values('20','平板栏目焦点审核','jsp/audit/PadSectionFocusAuditList.jsp',NULL,'3','17');
insert into `menu` (`id`, `name`, `link`, `image`, `orderNumber`, `parentId`) values('24','系统管理',NULL,NULL,'6',NULL);
insert into `menu` (`id`, `name`, `link`, `image`, `orderNumber`, `parentId`) values('25','系统角色管理','jsp/role/RoleList.jsp',NULL,'1','24');
insert into `menu` (`id`, `name`, `link`, `image`, `orderNumber`, `parentId`) values('26','系统用户管理','jsp/user/BackUserList.jsp',NULL,'2','24');
insert into `menu` (`id`, `name`, `link`, `image`, `orderNumber`, `parentId`) values('27','栏目节点管理','jsp/section/SectionList.jsp',NULL,'3','24');
insert into `menu` (`id`, `name`, `link`, `image`, `orderNumber`, `parentId`) values('28','行政部门管理','jsp/department/DepartmentList.jsp',NULL,'4','24');
insert into `menu` (`id`, `name`, `link`, `image`, `orderNumber`, `parentId`) values('29','文章发布管理',NULL,NULL,'4',NULL);
insert into `menu` (`id`, `name`, `link`, `image`, `orderNumber`, `parentId`) values('30','手机文章内容发布','jsp/distribute/ArticleMobileDistribute.jsp',NULL,'1','29');
insert into `menu` (`id`, `name`, `link`, `image`, `orderNumber`, `parentId`) values('31','平板文章内容发布','jsp/distribute/ArticlePadPageDistribute.jsp',NULL,'2','29');
insert into `menu` (`id`, `name`, `link`, `image`, `orderNumber`, `parentId`) values('32','平板文章下线管理','jsp/distribute/ArticlePadDistribute.jsp',NULL,'5','29');
insert into `menu` (`id`, `name`, `link`, `image`, `orderNumber`, `parentId`) values('33','手机焦点发布管理','jsp/distribute/SectionFocusMobileDistribute.jsp',NULL,'4','29');
insert into `menu` (`id`, `name`, `link`, `image`, `orderNumber`, `parentId`) values('34','平板焦点发布管理','jsp/distribute/SectionFocusPadDistribute.jsp',NULL,'6','29');
/*角色菜单*/
insert into `role_menu` (`RoleId`, `MenuId`) values('1','1');
insert into `role_menu` (`RoleId`, `MenuId`) values('1','2');
insert into `role_menu` (`RoleId`, `MenuId`) values('1','3');
insert into `role_menu` (`RoleId`, `MenuId`) values('1','4');
insert into `role_menu` (`RoleId`, `MenuId`) values('1','7');
insert into `role_menu` (`RoleId`, `MenuId`) values('1','8');
insert into `role_menu` (`RoleId`, `MenuId`) values('1','9');
insert into `role_menu` (`RoleId`, `MenuId`) values('1','10');
insert into `role_menu` (`RoleId`, `MenuId`) values('1','11');
insert into `role_menu` (`RoleId`, `MenuId`) values('1','13');
insert into `role_menu` (`RoleId`, `MenuId`) values('1','17');
insert into `role_menu` (`RoleId`, `MenuId`) values('1','18');
insert into `role_menu` (`RoleId`, `MenuId`) values('1','20');
insert into `role_menu` (`RoleId`, `MenuId`) values('1','24');
insert into `role_menu` (`RoleId`, `MenuId`) values('1','25');
insert into `role_menu` (`RoleId`, `MenuId`) values('1','26');
insert into `role_menu` (`RoleId`, `MenuId`) values('1','27');
insert into `role_menu` (`RoleId`, `MenuId`) values('1','28');
insert into `role_menu` (`RoleId`, `MenuId`) values('1','29');
insert into `role_menu` (`RoleId`, `MenuId`) values('1','30');
insert into `role_menu` (`RoleId`, `MenuId`) values('1','31');
insert into `role_menu` (`RoleId`, `MenuId`) values('1','32');
insert into `role_menu` (`RoleId`, `MenuId`) values('1','33');
insert into `role_menu` (`RoleId`, `MenuId`) values('1','34');
/*用户角色*/
INSERT INTO backuser_role(UserId,RoleId)VALUES ('1','1');
/*适配终端*/
insert  into sectionadapter(id,name) values (1,'All');
insert  into sectionadapter(id,name) values (2,'iPhone');
insert  into sectionadapter(id,name) values (3,'iPhone/iPad');
insert  into sectionadapter(id,name) values (4,'android');
/*展示类别*/
insert  into sectionshowtype(id,name) values (1,'图文');
insert  into sectionshowtype(id,name) values(2,'图');
insert  into sectionshowtype(id,name) values(3,'文');
/*栏目类别*/
insert  into sectiontype(id,name) values (1,'新闻媒体');
insert  into sectiontype(id,name) values (2,'生活服务');
/*流程状态*/
insert into `state` (`id`, `name`, `nextId`, `prevId`, `role`, `rejected`, `nodeType`, `nodeDesc`) values('1','编辑','2',NULL,NULL,NULL,'1','手机文章');
insert into `state` (`id`, `name`, `nextId`, `prevId`, `role`, `rejected`, `nodeType`, `nodeDesc`) values('2','初审','3',NULL,'1','5','1','手机文章');
insert into `state` (`id`, `name`, `nextId`, `prevId`, `role`, `rejected`, `nodeType`, `nodeDesc`) values('3','经理审核','4',NULL,'1','5','1','手机文章');
insert into `state` (`id`, `name`, `nextId`, `prevId`, `role`, `rejected`, `nodeType`, `nodeDesc`) values('4','等待发布','45',NULL,NULL,NULL,'1','手机文章');
insert into `state` (`id`, `name`, `nextId`, `prevId`, `role`, `rejected`, `nodeType`, `nodeDesc`) values('5','退回',NULL,NULL,NULL,NULL,'1','手机文章');
insert into `state` (`id`, `name`, `nextId`, `prevId`, `role`, `rejected`, `nodeType`, `nodeDesc`) values('6','编辑','7',NULL,NULL,NULL,'2','手机焦点');
insert into `state` (`id`, `name`, `nextId`, `prevId`, `role`, `rejected`, `nodeType`, `nodeDesc`) values('7','初审','8',NULL,'1','10','2','手机焦点');
insert into `state` (`id`, `name`, `nextId`, `prevId`, `role`, `rejected`, `nodeType`, `nodeDesc`) values('8','经理审核','9',NULL,'1','10','2','手机焦点');
insert into `state` (`id`, `name`, `nextId`, `prevId`, `role`, `rejected`, `nodeType`, `nodeDesc`) values('9','等待发布','45',NULL,NULL,NULL,'2','手机焦点');
insert into `state` (`id`, `name`, `nextId`, `prevId`, `role`, `rejected`, `nodeType`, `nodeDesc`) values('10','退回',NULL,NULL,NULL,NULL,'2','手机焦点');
insert into `state` (`id`, `name`, `nextId`, `prevId`, `role`, `rejected`, `nodeType`, `nodeDesc`) values('20','编辑','21',NULL,NULL,NULL,'5','手机图片');
insert into `state` (`id`, `name`, `nextId`, `prevId`, `role`, `rejected`, `nodeType`, `nodeDesc`) values('21','初审','22',NULL,'1','24','5','手机图片');
insert into `state` (`id`, `name`, `nextId`, `prevId`, `role`, `rejected`, `nodeType`, `nodeDesc`) values('22','经理审核','23',NULL,'1','24','5','手机图片');
insert into `state` (`id`, `name`, `nextId`, `prevId`, `role`, `rejected`, `nodeType`, `nodeDesc`) values('23','等待发布','45',NULL,NULL,NULL,'5','手机图片');
insert into `state` (`id`, `name`, `nextId`, `prevId`, `role`, `rejected`, `nodeType`, `nodeDesc`) values('24','退回',NULL,NULL,NULL,NULL,'5','手机图片');
insert into `state` (`id`, `name`, `nextId`, `prevId`, `role`, `rejected`, `nodeType`, `nodeDesc`) values('30','编辑','31',NULL,NULL,NULL,'6','平板图片');
insert into `state` (`id`, `name`, `nextId`, `prevId`, `role`, `rejected`, `nodeType`, `nodeDesc`) values('31','初审','32',NULL,'1','34','6','平板图片');
insert into `state` (`id`, `name`, `nextId`, `prevId`, `role`, `rejected`, `nodeType`, `nodeDesc`) values('32','经理审核','33',NULL,'1','34','6','平板图片');
insert into `state` (`id`, `name`, `nextId`, `prevId`, `role`, `rejected`, `nodeType`, `nodeDesc`) values('33','等待发布','45',NULL,NULL,NULL,'6','平板图片');
insert into `state` (`id`, `name`, `nextId`, `prevId`, `role`, `rejected`, `nodeType`, `nodeDesc`) values('34','退回',NULL,NULL,NULL,NULL,'6','平板图片');
insert into `state` (`id`, `name`, `nextId`, `prevId`, `role`, `rejected`, `nodeType`, `nodeDesc`) values('35','编辑','36',NULL,NULL,NULL,'3','平板文章');
insert into `state` (`id`, `name`, `nextId`, `prevId`, `role`, `rejected`, `nodeType`, `nodeDesc`) values('36','初审','37',NULL,'1','39','3','平板文章');
insert into `state` (`id`, `name`, `nextId`, `prevId`, `role`, `rejected`, `nodeType`, `nodeDesc`) values('37','经理审核','38',NULL,'1','39','3','平板文章');
insert into `state` (`id`, `name`, `nextId`, `prevId`, `role`, `rejected`, `nodeType`, `nodeDesc`) values('38','等待发布','45',NULL,NULL,NULL,'3','平板文章');
insert into `state` (`id`, `name`, `nextId`, `prevId`, `role`, `rejected`, `nodeType`, `nodeDesc`) values('39','退回',NULL,NULL,NULL,NULL,'3','平板文章');
insert into `state` (`id`, `name`, `nextId`, `prevId`, `role`, `rejected`, `nodeType`, `nodeDesc`) values('40','编辑','41',NULL,NULL,NULL,'4','平板焦点');
insert into `state` (`id`, `name`, `nextId`, `prevId`, `role`, `rejected`, `nodeType`, `nodeDesc`) values('41','初审','42',NULL,'1','44','4','平板焦点');
insert into `state` (`id`, `name`, `nextId`, `prevId`, `role`, `rejected`, `nodeType`, `nodeDesc`) values('42','经理审核','43',NULL,'1','44','4','平板焦点');
insert into `state` (`id`, `name`, `nextId`, `prevId`, `role`, `rejected`, `nodeType`, `nodeDesc`) values('43','等待发布','45',NULL,NULL,NULL,'4','平板焦点');
insert into `state` (`id`, `name`, `nextId`, `prevId`, `role`, `rejected`, `nodeType`, `nodeDesc`) values('44','退回',NULL,NULL,NULL,NULL,'4','平板焦点');
insert into `state` (`id`, `name`, `nextId`, `prevId`, `role`, `rejected`, `nodeType`, `nodeDesc`) values('45','上线',NULL,NULL,NULL,NULL,NULL,NULL);
insert into `state` (`id`, `name`, `nextId`, `prevId`, `role`, `rejected`, `nodeType`, `nodeDesc`) values('46','下线',NULL,NULL,NULL,NULL,NULL,NULL);
/*模版*/
insert into `template` (`id`, `name`, `image`, `path`, `type`, `actived`, `html`, `imageCount`, `articleCount`, `previewHtml`) values('1','iPhone文章模版1',NULL,'Tpl/iPhoneArticle.html','iPhone','','<!DOCTYPE html PUBLIC \"-//W3C//DTD XHTML 1.0 Transitional//EN\" \"http://www.w3.org/TR/xhtml1/DTD/xhtml1-transitional.dtd\">\r\n<html>\r\n	<head>\r\n		<base href=\"${basePath}\">\r\n		<title>iPhoneArticle.html</title>\r\n		<meta http-equiv=\"keywords\" content=\"keyword1,keyword2,keyword3\">\r\n		<meta http-equiv=\"description\" content=\"this is my page\">\r\n		<meta http-equiv=\"content-type\" content=\"text/html; charset=UTF-8\">\r\n\r\n		<!--<link rel=\"stylesheet\" type=\"text/css\" href=\"./styles.css\">-->\r\n\r\n	</head>\r\n\r\n	<body>\r\n		<div>\r\n			${article.title}\r\n		</div>\r\n${(myBean.comp)?if_exists}。\r\n\r\n<#if article.foucusImage?if_exists >\r\n		<div>\r\n			<img width=\"400\" height=\"100\" alt=\"焦点图片\" id=\"focusImagePreview\" src=\"${article.focusImage}\">	\r\n		</div>\r\n</#if>\r\n		<div>\r\n			${article.content!\"\"}\r\n		</div>\r\n\r\n	</body>\r\n</html>\r\n','1','1','<!DOCTYPE html PUBLIC \"-//W3C//DTD XHTML 1.0 Transitional//EN\" \"http://www.w3.org/TR/xhtml1/DTD/xhtml1-transitional.dtd\">\r\n<html>\r\n	<head>\r\n		<base href=\"${basePath}\">\r\n		<title>iPhoneArticle.html</title>\r\n		<meta http-equiv=\"keywords\" content=\"keyword1,keyword2,keyword3\">\r\n		<meta http-equiv=\"description\" content=\"this is my page\">\r\n		<meta http-equiv=\"content-type\" content=\"text/html; charset=UTF-8\">\r\n\r\n		<!--<link rel=\"stylesheet\" type=\"text/css\" href=\"./styles.css\">-->\r\n\r\n	</head>\r\n\r\n	<body>\r\n		<div>\r\n			${article.title}\r\n		</div>\r\n\r\n<#if article.focusImage!=\"\" >\r\n		<div>\r\n			<img width=\"400\" height=\"100\" alt=\"焦点图片\" id=\"focusImagePreview\" src=\"${article.focusImage}\">	\r\n		</div>\r\n</#if>\r\n		<div>\r\n			${article.content!\"\"}\r\n		</div>\r\n\r\n	</body>\r\n</html>\r\n');
insert into `template` (`id`, `name`, `image`, `path`, `type`, `actived`, `html`, `imageCount`, `articleCount`, `previewHtml`) values('2','iPhone文章模版2',NULL,'Tpl/iPhoneArticle.html','iPhone','','<!DOCTYPE html PUBLIC \"-//W3C//DTD XHTML 1.0 Transitional//EN\" \"http://www.w3.org/TR/xhtml1/DTD/xhtml1-transitional.dtd\">\r\n<html>\r\n	<head>\r\n		<title>iPhoneArticle.html</title>\r\n		<meta http-equiv=\"keywords\" content=\"keyword1,keyword2,keyword3\">\r\n		<meta http-equiv=\"description\" content=\"this is my page\">\r\n		<meta http-equiv=\"content-type\" content=\"text/html; charset=UTF-8\">\r\n\r\n		<!--<link rel=\"stylesheet\" type=\"text/css\" href=\"./styles.css\">-->\r\n\r\n	</head>\r\n\r\n	<body>\r\n		<div>\r\n			${article.title}\r\n		</div>\r\n		<#if article.foucusImage?if_exists >\r\n		<div>\r\n			<img width=\"400\" height=\"100\" alt=\"焦点图片\" id=\"focusImagePreview\" src=\"${article.focusImage}\">	\r\n		</div>\r\n</#if>\r\n		<div>\r\n			${article.content!\"\"}\r\n		</div>\r\n\r\n	</body>\r\n</html>\r\n','1','1','<!DOCTYPE html PUBLIC \"-//W3C//DTD XHTML 1.0 Transitional//EN\" \"http://www.w3.org/TR/xhtml1/DTD/xhtml1-transitional.dtd\">\r\n<html>\r\n	<head>\r\n		<base href=\"${basePath}\">\r\n		<title>iPhoneArticle.html</title>\r\n		<meta http-equiv=\"keywords\" content=\"keyword1,keyword2,keyword3\">\r\n		<meta http-equiv=\"description\" content=\"this is my page\">\r\n		<meta http-equiv=\"content-type\" content=\"text/html; charset=UTF-8\">\r\n\r\n		<!--<link rel=\"stylesheet\" type=\"text/css\" href=\"./styles.css\">-->\r\n\r\n	</head>\r\n\r\n	<body>\r\n		<div>\r\n			${article.title}\r\n		</div>\r\n\r\n<#if article.focusImage!=\"\" >\r\n		<div>\r\n			<img width=\"400\" height=\"100\" alt=\"焦点图片\" id=\"focusImagePreview\" src=\"${article.focusImage}\">	\r\n		</div>\r\n</#if>\r\n		<div>\r\n			${article.content!\"\"}\r\n		</div>\r\n\r\n	</body>\r\n</html>\r\n');
insert into `template` (`id`, `name`, `image`, `path`, `type`, `actived`, `html`, `imageCount`, `articleCount`, `previewHtml`) values('3','iPad文章模版1',NULL,'Tpl/iPhoneArticle.html','iPad','','<html>\r\n<head>\r\n<meta charset=\"UTF-8\" />\r\n<meta name=\"apple-mobile-web-app-capable\" content=\"yes\" />\r\n<meta name=\"apple-mobile-web-app-status-bar-style\" content=\"black\" />\r\n<meta name=\"format-detection\" content=\"telephone=no\">\r\n<meta name=\"viewport\" content=\"minimum-scale=1.0,maximum-scale=1,width=device-width,user-scalable=no\" />\r\n<title>Post</title>\r\n<link rel=\"stylesheet\" type=\"text/css\" media=\"all and (orientation:portrait)\" href=\"../resource/css/style.css\" />\r\n<link rel=\"stylesheet\" type=\"text/css\" media=\"all and (orientation:landscape)\" href=\"../resource/css/style_land.css\"/>\r\n</head>\r\n\r\n	<body style=\"font-size: 18px\">\r\n<#if article.focusImage!=\"\" >\r\n    <div>\r\n      <img width=\"400\" height=\"100\" alt=\"焦点图片\" id=\"focusImagePreview\" src=\"../${pageId}/images/${getFileName(article.focusImage)}\">  \r\n    </div>\r\n</#if>\r\n    <div class=\"entry\" id=\"entry\">\r\n      ${replaceKeyWord(article.content!\"\")}\r\n    </div>\r\n\r\n  </body>\r\n</html>','1','1','<!DOCTYPE html PUBLIC \"-//W3C//DTD XHTML 1.0 Transitional//EN\" \"http://www.w3.org/TR/xhtml1/DTD/xhtml1-transitional.dtd\">\r\n<html>\r\n	<head>\r\n		<base href=\"${basePath}\">\r\n		<title>iPhoneArticle.html</title>\r\n		<meta http-equiv=\"keywords\" content=\"keyword1,keyword2,keyword3\">\r\n		<meta http-equiv=\"description\" content=\"this is my page\">\r\n		<meta http-equiv=\"content-type\" content=\"text/html; charset=UTF-8\">\r\n\r\n		<!--<link rel=\"stylesheet\" type=\"text/css\" href=\"./styles.css\">-->\r\n\r\n	</head>\r\n\r\n	<body>\r\n		<div>\r\n			${article.title}\r\n		</div>\r\n\r\n<#if article.focusImage!=\"\" >\r\n		<div>\r\n			<img width=\"400\" height=\"100\" alt=\"焦点图片\" id=\"focusImagePreview\" src=\"${article.focusImage}\">	\r\n		</div>\r\n</#if>\r\n		<div>\r\n			${article.content!\"\"}\r\n		</div>\r\n\r\n	</body>\r\n</html>\r\n');
insert into `template` (`id`, `name`, `image`, `path`, `type`, `actived`, `html`, `imageCount`, `articleCount`, `previewHtml`) values('4','iPad文章模版2',NULL,'Tpl/iPhoneArticle.html','iPad','','<html>\r\n<head>\r\n<meta charset=\"UTF-8\" />\r\n<meta name=\"apple-mobile-web-app-capable\" content=\"yes\" />\r\n<meta name=\"apple-mobile-web-app-status-bar-style\" content=\"black\" />\r\n<meta name=\"format-detection\" content=\"telephone=no\">\r\n<meta name=\"viewport\" content=\"minimum-scale=1.0,maximum-scale=1,width=device-width,user-scalable=no\" />\r\n<title>Post</title>\r\n<link rel=\"stylesheet\" type=\"text/css\" media=\"all and (orientation:portrait)\" href=\"../resource/css/style.css\" />\r\n<link rel=\"stylesheet\" type=\"text/css\" media=\"all and (orientation:landscape)\" href=\"../resource/css/style_land.css\"/>\r\n</head>\r\n\r\n	<body style=\"font-size: 18px\">\r\n<#if article.focusImage!=\"\" >\r\n    <div>\r\n      <img width=\"400\" height=\"100\" alt=\"焦点图片\" id=\"focusImagePreview\" src=\"../${pageId}/images/${getFileName(article.focusImage)}\">  \r\n    </div>\r\n</#if>\r\n    <div class=\"entry\" id=\"entry\">\r\n      ${replaceKeyWord(article.content!\"\")}\r\n    </div>\r\n\r\n  </body>\r\n</html>','1','1','<!DOCTYPE html PUBLIC \"-//W3C//DTD XHTML 1.0 Transitional//EN\" \"http://www.w3.org/TR/xhtml1/DTD/xhtml1-transitional.dtd\">\r\n<html>\r\n	<head>\r\n		<base href=\"${basePath}\">\r\n		<title>iPhoneArticle.html</title>\r\n		<meta http-equiv=\"keywords\" content=\"keyword1,keyword2,keyword3\">\r\n		<meta http-equiv=\"description\" content=\"this is my page\">\r\n		<meta http-equiv=\"content-type\" content=\"text/html; charset=UTF-8\">\r\n\r\n		<!--<link rel=\"stylesheet\" type=\"text/css\" href=\"./styles.css\">-->\r\n\r\n	</head>\r\n\r\n	<body>\r\n		<div>\r\n			${article.title}\r\n		</div>\r\n\r\n<#if article.focusImage!=\"\" >\r\n		<div>\r\n			<img width=\"400\" height=\"100\" alt=\"焦点图片\" id=\"focusImagePreview\" src=\"${article.focusImage}\">	\r\n		</div>\r\n</#if>\r\n		<div>\r\n			${article.content!\"\"}\r\n		</div>\r\n\r\n	</body>\r\n</html>\r\n');
insert into `template` (`id`, `name`, `image`, `path`, `type`, `actived`, `html`, `imageCount`, `articleCount`, `previewHtml`) values('6','iPad文章列表模版1',NULL,'Tpl/iPhoneArticle.html','iPadList','','<!DOCTYPE html>\r\n<html>\r\n<head>\r\n    <meta charset=\"utf-8\" />\r\n    <meta name=\"viewport\" content=\"width=device-width, initial-scale=1\" />\r\n    <title></title>\r\n    <link rel=\"stylesheet\" href=\"../resource/css/jquery.mobile-1.1.0-rc.1.min.css\" />\r\n    <link rel=\"Stylesheet\" href=\"../resource/css/global.css\" />\r\n    <script type=\"text/javascript\" src=\"../resource/js/jquery-1.7.2.min.js\"></script>\r\n    <script type=\"text/javascript\" src=\"../resource/js/jquery.mobile-1.1.0-rc.1.min.js\"></script>\r\n    <script type=\"text/javascript\" src=\"../resource/js/global.js\"></script>\r\n    <script type=\"text/javascript\">\r\n        $(document).ready(function () {\r\n            var rowHeight1 = 644;\r\n            var row1 = $(\"#row1\");\r\n            row1.height(rowHeight1);\r\n            row1.children(\".ui-block-a\").height(rowHeight1);\r\n            row1.children(\".ui-block-b\").height(rowHeight1);\r\n\r\n            $(\"#row1 .ui-block-b .contentDiv\").height(rowHeight1 - 36);\r\n\r\n            $(\"#row1 .ui-block-a .contentDiv\").each(function () {\r\n                $(this).height((rowHeight1 - 2) / 2 - 36);\r\n            });\r\n	    $(\".contentDiv\").bind(\"tap\",function(e){\r\n		window.location=\"DOCTAP:/\" + $(this).attr(\"tag\");\r\n		event.preventDefault();\r\n		});    \r\n        });\r\n    </script>\r\n</head>\r\n<body>\r\n    <div data-role=\"page\" data-theme=\"d\" id=\"page1\">\r\n        <div data-role=\"content\">\r\n            <div class=\"separateH\">\r\n            </div>\r\n            <div class=\"ui-grid-a\" id=\"row1\">\r\n                <div class=\"ui-block-a\">\r\n                    <div class=\"separateV\">\r\n			<#if articletwo?? && articletwo.state.id!=state.id>\r\n				<div class=\"contentDiv\" style=\"margin-bottom: 18px\" id=\"content_2\" tag=\"${articletwo.id!\"\"}\">\r\n			<#else>\r\n				<div class=\"contentDiv\" style=\"margin-bottom: 18px\" id=\"content_2\" tag=\"0\">\r\n			</#if>\r\n							<#if articletwo?? && articletwo.state.id!=state.id>\r\n							  <#if articletwo.titleImage !=\"\">\r\n							 <img alt=\"标题图片\" src=\"images/${getFileName(articletwo.titleImage)}\" />\r\n							 </#if>\r\n                            <div class=\"head1\" id=\"content_Head_2\">\r\n                                 ${articletwo.title!\"\"}</div>\r\n                            <div class=\"shead\" id=\"content_sHead_2\">\r\n                                ${articletwo.subTitle!\"\"}</div>\r\n                            <div id=\"content_content_2\">\r\n                                ${articletwo.content!\"\"}\r\n                            </div>\r\n							</#if>\r\n                        </div>\r\n                        <div class=\"separateH\">\r\n                        </div>\r\n			<#if articlethree?? && articlethree.state.id!=state.id>\r\n				<div class=\"contentDiv\" id=\"content_3\"  tag=\"${articlethree.id!\"\"}\">\r\n			<#else>\r\n				<div class=\"contentDiv\" id=\"content_3\"  tag=\"0\">\r\n			</#if>\r\n							 <#if articlethree?? && articlethree.state.id!=state.id>\r\n							  <#if articlethree.titleImage !=\"\">\r\n							 <img alt=\"标题图片\" src=\"images/${getFileName(articlethree.titleImage)}\" />\r\n							 </#if>\r\n                            <div class=\"head1\" id=\"content_Head_3\">\r\n                                ${articlethree.title!\"\"}</div>\r\n                            <div class=\"content_sHead_3\">\r\n                                ${articlethree.subTitle!\"\"}</div>\r\n                            <div id=\"content_content_3\">\r\n                                 ${articlethree.content!\"\"}\r\n                            </div>\r\n							</#if>\r\n                        </div>\r\n                    </div>\r\n                </div>\r\n                <div class=\"ui-block-b\">\r\n		   <#if articleone?? && articleone.state.id!=state.id>\r\n				<div class=\"contentDiv\" id=\"content_1\" tag=\"${articleone.id!\"\"}\">\r\n			<#else>\r\n				<div class=\"contentDiv\" id=\"content_1\" tag=\"0\">\r\n			</#if>\r\n                       <#if articleone?? && articleone.state.id!=state.id>\r\n						 <#if articleone.titleImage !=\"\">\r\n						 <img alt=\"标题图片\" src=\"images/${getFileName(articleone.titleImage)}\" />\r\n						 </#if>\r\n                        <div class=\"head\" id=\"content_Head_1\">\r\n                            ${articleone.title!\"\"}</div>\r\n                        <div class=\"shead\" id=\"content_sHead_1\">\r\n                            ${articleone.subTitle!\"\"}</div>\r\n                        <div id=\"content_content_1\">\r\n                             ${articleone.content!\"\"}\r\n                        </div>\r\n					   </#if>\r\n                    </div>\r\n                </div>\r\n            </div>\r\n        </div>\r\n    </div>\r\n</body>\r\n</html>\r\n','3','3','<!DOCTYPE html>\r\n<html>\r\n<head>\r\n	<base href=\"${basePath}\">\r\n    <meta charset=\"utf-8\" />\r\n    <meta name=\"viewport\" content=\"width=device-width, initial-scale=1\" />\r\n    <title></title>\r\n    <link rel=\"stylesheet\" href=\"css/jquery.mobile-1.1.0-rc.1.min.css\" />\r\n    <link rel=\"Stylesheet\" href=\"css/global.css\" />\r\n    <script type=\"text/javascript\" src=\"js/jquery-1.7.2.min.js\"></script>\r\n    <script type=\"text/javascript\" src=\"js/jquery.mobile-1.1.0-rc.1.min.js\"></script>\r\n    <script type=\"text/javascript\" src=\"js/global.js\"></script>\r\n    <script type=\"text/javascript\">\r\n        $(document).ready(function () {\r\n            var rowHeight1 = 644;\r\n            var row1 = $(\"#row1\");\r\n            row1.height(rowHeight1);\r\n            row1.children(\".ui-block-a\").height(rowHeight1);\r\n            row1.children(\".ui-block-b\").height(rowHeight1);\r\n\r\n            $(\"#row1 .ui-block-b .contentDiv\").height(rowHeight1 - 36);\r\n\r\n            $(\"#row1 .ui-block-a .contentDiv\").each(function () {\r\n                $(this).height((rowHeight1 - 2) / 2 - 36);\r\n            });\r\n        });\r\n    </script>\r\n</head>\r\n<body>\r\n    <div data-role=\"page\" data-theme=\"d\" id=\"page1\">\r\n        <div data-role=\"content\">\r\n            <div class=\"separateH\">\r\n            </div>\r\n            <div class=\"ui-grid-a\" id=\"row1\">\r\n                <div class=\"ui-block-a\">\r\n                    <div class=\"separateV\">\r\n                        <div class=\"contentDiv\" style=\"margin-bottom: 18px\" id=\"content_2\">\r\n							<#if articletwo??>\r\n							  <#if articletwo.titleImage !=\"\">\r\n							 <img alt=\"标题图片\" src=\"${articletwo.titleImage}\" />\r\n							 </#if>\r\n                            <div class=\"head1\" id=\"content_Head_2\">\r\n                                 ${articletwo.title!\"\"}</div>\r\n                            <div class=\"shead\" id=\"content_sHead_2\">\r\n                                ${articletwo.subTitle!\"\"}</div>\r\n                            <div id=\"content_content_2\">\r\n                                ${articletwo.content!\"\"}\r\n                            </div>\r\n							</#if>\r\n                        </div>\r\n                        <div class=\"separateH\">\r\n                        </div>\r\n                        <div class=\"contentDiv\" id=\"content_3\">\r\n							 <#if articlethree??>\r\n							  <#if articlethree.titleImage !=\"\">\r\n							 <img alt=\"标题图片\" src=\"${articlethree.titleImage}\" />\r\n							 </#if>\r\n                            <div class=\"head1\" id=\"content_Head_3\">\r\n                                ${articlethree.title!\"\"}</div>\r\n                            <div class=\"content_sHead_3\">\r\n                                ${articlethree.subTitle!\"\"}</div>\r\n                            <div id=\"content_content_3\">\r\n                                 ${articlethree.content!\"\"}\r\n                            </div>\r\n							</#if>\r\n                        </div>\r\n                    </div>\r\n                </div>\r\n                <div class=\"ui-block-b\">\r\n                    <div class=\"contentDiv\" id=\"content_1\">\r\n                       <#if articleone??>\r\n						 <#if articleone.titleImage !=\"\">\r\n						 <img alt=\"标题图片\" src=\"${articleone.titleImage}\" />\r\n						 </#if>\r\n                        <div class=\"head\" id=\"content_Head_1\">\r\n                            ${articleone.title!\"\"}</div>\r\n                        <div class=\"shead\" id=\"content_sHead_1\">\r\n                            ${articleone.subTitle!\"\"}</div>\r\n                        <div id=\"content_content_1\">\r\n                             ${articleone.content!\"\"}\r\n                        </div>\r\n					   </#if>\r\n                    </div>\r\n                </div>\r\n            </div>\r\n        </div>\r\n    </div>\r\n</body>\r\n</html>\r\n');
insert into `template` (`id`, `name`, `image`, `path`, `type`, `actived`, `html`, `imageCount`, `articleCount`, `previewHtml`) values('7','iPad文章列表模版2',NULL,NULL,'iPadList','','<!DOCTYPE html>\r\n<html>\r\n<head>\r\n    <meta charset=\"utf-8\" />\r\n    <meta name=\"viewport\" content=\"width=device-width, initial-scale=1, maximum-scale=1, minimum-scale=1, user-scalable=no\" />\r\n    <title></title>\r\n    <link rel=\"stylesheet\" href=\"../resource/css/jquery.mobile-1.1.0-rc.1.min.css\" />\r\n    <link rel=\"Stylesheet\" href=\"../resource/css/global.css\" />\r\n    <script type=\"text/javascript\" src=\"../resource/js/jquery-1.7.2.min.js\"></script>\r\n    <script type=\"text/javascript\" src=\"../resource/js/jquery.mobile-1.1.0-rc.1.min.js\"></script>\r\n    <script type=\"text/javascript\" src=\"../resource/js/global.js\"></script>\r\n    <script type=\"text/javascript\">\r\n        $(document).ready(function () {\r\n			var rowHeight2 = 554;\r\n            var rowHeight1 = 346;\r\n            $(\"#row1\").height(rowHeight1);\r\n\r\n            var row2 = $(\"#row2\");\r\n            row2.children(\".ui-block-a\").height(rowHeight2);\r\n            row2.children(\".ui-block-b\").height(rowHeight2);\r\n            $(\"#content_2\").height(rowHeight2);\r\n            $(\"#content_3\").height(rowHeight2);\r\n			$(\".contentDiv\").bind(\"tap\",function(e){\r\n				window.location=\"doctap:/\" + $(this).attr(\"tag\");\r\n				event.preventDefault();\r\n			});    \r\n			});\r\n    </script>\r\n</head>\r\n<body>\r\n    <div data-role=\"page\" data-theme=\"d\" id=\"page1\">\r\n        <div data-role=\"content\">\r\n            <div class=\"ui-grid-a\" id=\"row2\">\r\n                <div class=\"ui-block-a\">\r\n                    <div class=\"separateV\">\r\n          <#if articletwo?? && articletwo.state.id!=state.id>\r\n            <div class=\"contentDiv\" id=\"content_2\" tag=\"${articletwo.id!\"\"}\">\r\n          <#else>\r\n            <div class=\"contentDiv\" id=\"content_2\" tag=\"0\">\r\n          </#if>\r\n            <#if articletwo?? && articletwo.state.id!=state.id>\r\n                            <div class=\"head1\" id=\"content_Head_2\">\r\n                                  ${articletwo.title!\"\"}</div>\r\n                            <div class=\"shead\" id=\"content_sHead_2\">\r\n                                ${articletwo.subTitle!\"\"}</div>\r\n                            <div id=\"content_content_2\">\r\n                                ${articletwo.content!\"\"}\r\n                            </div>\r\n            </#if>\r\n                        </div>\r\n                    </div>\r\n                </div>\r\n                <div class=\"ui-block-b\">\r\n          <#if articlethree?? && articlethree.state.id!=state.id>\r\n            <div class=\"contentDiv\" id=\"content_3\"  tag=\"${articlethree.id!\"\"}\">\r\n          <#else>\r\n            <div class=\"contentDiv\" id=\"content_3\"  tag=\"0\">\r\n          </#if>\r\n          <#if articlethree?? && articlethree.state.id!=state.id>\r\n                        <div class=\"head1\" id=\"content_Head_3\">\r\n                            ${articlethree.title!\"\"}</div>\r\n                        <div class=\"shead\" id=\"content_sHead_3\">\r\n                            ${articlethree.subTitle!\"\"}</div>\r\n                        <div id=\"content_content_3\">\r\n                             ${articlethree.content!\"\"}\r\n                        </div>\r\n          </#if>\r\n                    </div>\r\n                </div>\r\n            </div>\r\n            <div class=\"separateH\">\r\n            </div>\r\n            <div id=\"row1\">\r\n           <#if articleone?? && articleone.state.id!=state.id>\r\n            <div class=\"contentDiv\" id=\"content_1\" tag=\"${articleone.id!\"\"}\">\r\n          <#else>\r\n            <div class=\"contentDiv\" id=\"content_1\" tag=\"0\">\r\n          </#if>\r\n           <#if articleone?? && articleone.state.id!=state.id>\r\n                        <div class=\"head\" id=\"content_Head_1\">\r\n                             ${articleone.title!\"\"}</div>\r\n                        <div class=\"shead\" id=\"content_sHead_1\">\r\n                           ${articleone.subTitle!\"\"}</div>\r\n                        <div id=\"content_content_1\">\r\n            <#if articleone.titleImage !=\"\">\r\n            <img alt=\"标题图片\" id=\"content_1_img\" src=\"images/${getFileName(articleone.titleImage)}\" style=\"float: right;\r\n                                margin-left: 6px\" />\r\n             </#if>\r\n                            ${articleone.content!\"\"}\r\n                        </div>\r\n           </#if>\r\n                    </div>\r\n                </div>\r\n            </div>\r\n        </div>\r\n    </div>\r\n</body>\r\n</html>','3','3','<!DOCTYPE html>\r\n<html>\r\n<head>\r\n	<base href=\"${basePath}\">\r\n    <meta charset=\"utf-8\" />\r\n    <meta name=\"viewport\" content=\"width=device-width, initial-scale=1\" />\r\n    <title></title>\r\n    <link rel=\"stylesheet\" href=\"css/jquery.mobile-1.1.0-rc.1.min.css\" />\r\n    <link rel=\"Stylesheet\" href=\"css/global.css\" />\r\n    <script type=\"text/javascript\" src=\"js/jquery-1.7.2.min.js\"></script>\r\n    <script type=\"text/javascript\" src=\"js/jquery.mobile-1.1.0-rc.1.min.js\"></script>\r\n    <script type=\"text/javascript\" src=\"js/global.js\"></script>\r\n    <script type=\"text/javascript\">\r\n        $(document).ready(function () {\r\n            var rowHeight1 = 644;\r\n            var row1 = $(\"#row1\");\r\n            row1.height(rowHeight1);\r\n            row1.children(\".ui-block-a\").height(rowHeight1);\r\n            row1.children(\".ui-block-b\").height(rowHeight1);\r\n\r\n            $(\"#row1 .ui-block-b .contentDiv\").height(rowHeight1 - 36);\r\n\r\n            $(\"#row1 .ui-block-a .contentDiv\").each(function () {\r\n                $(this).height((rowHeight1 - 2) / 2 - 36);\r\n            });\r\n        });\r\n    </script>\r\n</head>\r\n<body>\r\n    <div data-role=\"page\" data-theme=\"d\" id=\"page1\">\r\n        <div data-role=\"content\">\r\n            <div class=\"separateH\">\r\n            </div>\r\n            <div class=\"ui-grid-a\" id=\"row1\">\r\n                <div class=\"ui-block-a\">\r\n                    <div class=\"separateV\">\r\n                        <div class=\"contentDiv\" style=\"margin-bottom: 18px\" id=\"content_2\">\r\n							<#if articletwo??>\r\n							  <#if articletwo.titleImage !=\"\">\r\n							 <img alt=\"标题图片\" src=\"${articletwo.titleImage}\" />\r\n							 </#if>\r\n                            <div class=\"head1\" id=\"content_Head_2\">\r\n                                 ${articletwo.title!\"\"}</div>\r\n                            <div class=\"shead\" id=\"content_sHead_2\">\r\n                                ${articletwo.subTitle!\"\"}</div>\r\n                            <div id=\"content_content_2\">\r\n                                ${articletwo.content!\"\"}\r\n                            </div>\r\n							</#if>\r\n                        </div>\r\n                        <div class=\"separateH\">\r\n                        </div>\r\n                        <div class=\"contentDiv\" id=\"content_3\">\r\n							 <#if articlethree??>\r\n							  <#if articlethree.titleImage !=\"\">\r\n							 <img alt=\"标题图片\" src=\"${articlethree.titleImage}\" />\r\n							 </#if>\r\n                            <div class=\"head1\" id=\"content_Head_3\">\r\n                                ${articlethree.title!\"\"}</div>\r\n                            <div class=\"content_sHead_3\">\r\n                                ${articlethree.subTitle!\"\"}</div>\r\n                            <div id=\"content_content_3\">\r\n                                 ${articlethree.content!\"\"}\r\n                            </div>\r\n							</#if>\r\n                        </div>\r\n                    </div>\r\n                </div>\r\n                <div class=\"ui-block-b\">\r\n                    <div class=\"contentDiv\" id=\"content_1\">\r\n                       <#if articleone??>\r\n						 <#if articleone.titleImage !=\"\">\r\n						 <img alt=\"标题图片\" src=\"${articleone.titleImage}\" />\r\n						 </#if>\r\n                        <div class=\"head\" id=\"content_Head_1\">\r\n                            ${articleone.title!\"\"}</div>\r\n                        <div class=\"shead\" id=\"content_sHead_1\">\r\n                            ${articleone.subTitle!\"\"}</div>\r\n                        <div id=\"content_content_1\">\r\n                             ${articleone.content!\"\"}\r\n                        </div>\r\n					   </#if>\r\n                    </div>\r\n                </div>\r\n            </div>\r\n        </div>\r\n    </div>\r\n</body>\r\n</html>\r\n');
